/*
REQUERIMIENTO FUNCIONAL 1:
    - Debido a que ya se encuentran creadas las tablas por cada rol de usuario, entonces
    el requerimiento ya se encuentra completado
*/

/*
REQUERIMIENTO FUNCIONAL 2:
*/

--Paso 1: POBLAR LA BASE DE DATOS DE HOTELES 
INSERT INTO HOTELES (NIT, CIUDAD) VALUES ('123456789', 'Bogota');
INSERT INTO CIUDADES (CIUDAD, PAIS) VALUES ('Bogota', 'Colombia');
INSERT INTO HOTELES (NIT, CIUDAD) VALUES ('987654321', 'Medellin');
INSERT INTO CIUDADES (CIUDAD, PAIS) VALUES ('Medellin', 'Colombia');
INSERT INTO HOTELES (NIT, CIUDAD) VALUES ('12381212', 'Cali');
INSERT INTO CIUDADES (CIUDAD, PAIS) VALUES ('Cali', 'Colombia');
INSERT INTO HOTELES (NIT, CIUDAD) VALUES ('109879245', 'Cartagena');
INSERT INTO CIUDADES (CIUDAD, PAIS) VALUES ('Cartagena', 'Colombia');
INSERT INTO HOTELES (NIT, CIUDAD) VALUES ('0982549774', 'Barranquilla');
INSERT INTO CIUDADES (CIUDAD, PAIS) VALUES ('Barranquilla', 'Colombia');
INSERT INTO HOTELES (NIT, CIUDAD) VALUES ('9284575924', 'Bucaramanga');
INSERT INTO CIUDADES (CIUDAD, PAIS) VALUES ('Bucaramanga', 'Colombia');
INSERT INTO HOTELES (NIT, CIUDAD) VALUES ('08245775892', 'Santa Marta');
INSERT INTO CIUDADES (CIUDAD, PAIS) VALUES ('Santa Marta', 'Colombia');
INSERT INTO HOTELES (NIT, CIUDAD) VALUES ('09284595894', 'Cucuta');
INSERT INTO CIUDADES (CIUDAD, PAIS) VALUES ('Cucuta', 'Colombia');
INSERT INTO HOTELES (NIT, CIUDAD) VALUES ('0981340918', 'Manizales');
INSERT INTO CIUDADES (CIUDAD, PAIS) VALUES ('Manizales', 'Colombia');
INSERT INTO HOTELES (NIT, CIUDAD) VALUES ('02948502049', 'Villavicencio');
INSERT INTO CIUDADES (CIUDAD, PAIS) VALUES ('Villavicencio', 'Colombia');
INSERT INTO HOTELES (NIT, CIUDAD) VALUES ('095948527445', 'Pasto');
INSERT INTO CIUDADES (CIUDAD, PAIS) VALUES ('Pasto', 'Colombia');
INSERT INTO HOTELES (NIT, CIUDAD) VALUES ('5757757777', 'Monteria');
INSERT INTO CIUDADES (CIUDAD, PAIS) VALUES ('Monteria', 'Colombia');

--Paso 2: Crear los administradores de datos 
INSERT INTO ADMINS_DATOS_GENERAL (TIPO_DOC, NUM_DOC, NOMBRE, HOTEL_NIT) VALUES ('CC', '1234567890', 'Juan Perez', '123456789');
INSERT INTO ADMINS_DATOS_EMAIL (TIPO_DOC, NUM_DOC, EMAIL) VALUES ('CC', '1234567890', 'juanperez@email.com');
INSERT INTO ADMINS_DATOS_GENERAL (TIPO_DOC, NUM_DOC, NOMBRE, HOTEL_NIT) VALUES ('CC', '9876543210', 'Pedro Perez', '987654321');
INSERT INTO ADMINS_DATOS_EMAIL (TIPO_DOC, NUM_DOC, EMAIL) VALUES ('CC', '9876543210', 'pedroperes@email.com');
INSERT INTO ADMINS_DATOS_GENERAL (TIPO_DOC, NUM_DOC, NOMBRE, HOTEL_NIT) VALUES ('CC', '123812120', 'Maria Perez', '12381212');
INSERT INTO ADMINS_DATOS_EMAIL (TIPO_DOC, NUM_DOC, EMAIL) VALUES ('CC', '123812120', 'mariaperez@email.com');
INSERT INTO ADMINS_DATOS_GENERAL (TIPO_DOC, NUM_DOC, NOMBRE, HOTEL_NIT) VALUES ('CC', '1098792450', 'Isabella Perez', '109879245');
INSERT INTO ADMINS_DATOS_EMAIL (TIPO_DOC, NUM_DOC, EMAIL) VALUES ('CC', '1098792450', 'isabellaperez@email.com');
INSERT INTO ADMINS_DATOS_GENERAL (TIPO_DOC, NUM_DOC, NOMBRE, HOTEL_NIT) VALUES ('CC', '09825497740', 'Laura Perez', '0982549774');
INSERT INTO ADMINS_DATOS_EMAIL (TIPO_DOC, NUM_DOC, EMAIL) VALUES ('CC', '09825497740', 'lauraperez@email.com');
INSERT INTO ADMINS_DATOS_GENERAL (TIPO_DOC, NUM_DOC, NOMBRE, HOTEL_NIT) VALUES ('CC', '92845759240', 'Juan Camilo Perez', '9284575924');
INSERT INTO ADMINS_DATOS_EMAIL (TIPO_DOC, NUM_DOC, EMAIL) VALUES ('CC', '92845759240', 'juancperez@email.com');
INSERT INTO ADMINS_DATOS_GENERAL (TIPO_DOC, NUM_DOC, NOMBRE, HOTEL_NIT) VALUES ('CC', '082457758920', 'Santiago Perez', '08245775892');
INSERT INTO ADMINS_DATOS_EMAIL(TIPO_DOC, NUM_DOC, EMAIL) VALUES ('CC', '082457758920', 'santiagoperez@email.com');
INSERT INTO ADMINS_DATOS_GENERAL (TIPO_DOC, NUM_DOC, NOMBRE, HOTEL_NIT) VALUES ('CC', '092845958940', 'Camila Perez', '09284595894');
INSERT INTO ADMINS_DATOS_EMAIL (TIPO_DOC, NUM_DOC, EMAIL) VALUES ('CC', '092845958940', 'camilaperez@email.com');
INSERT INTO ADMINS_DATOS_GENERAL (TIPO_DOC, NUM_DOC, NOMBRE, HOTEL_NIT) VALUES ('CC', '09813409180', 'Liliana Perez', '0981340918');
INSERT INTO ADMINS_DATOS_EMAIL (TIPO_DOC, NUM_DOC, EMAIL) VALUES ('CC', '09813409180', 'lilianaperez@email.com');
INSERT INTO ADMINS_DATOS_GENERAL (TIPO_DOC, NUM_DOC, NOMBRE, HOTEL_NIT) VALUES ('CC', '029485020490', 'Fefe Perez', '02948502049');
INSERT INTO ADMINS_DATOS_EMAIL (TIPO_DOC, NUM_DOC, EMAIL) VALUES ('CC', '029485020490', 'fefeperez@email.com');
INSERT INTO ADMINS_DATOS_GENERAL (TIPO_DOC, NUM_DOC, NOMBRE, HOTEL_NIT) VALUES ('CC', '0959485274450', 'German Perez', '095948527445');
INSERT INTO ADMINS_DATOS_EMAIL (TIPO_DOC, NUM_DOC, EMAIL) VALUES ('CC', '0959485274450', 'germanperez@email.com');
INSERT INTO ADMINS_DATOS_GENERAL (TIPO_DOC, NUM_DOC, NOMBRE, HOTEL_NIT) VALUES ('CC', '57577577770', 'Jose Perez', '5757757777');
INSERT INTO ADMINS_DATOS_EMAIL (TIPO_DOC, NUM_DOC, EMAIL) VALUES ('CC', '57577577770', 'joseperez@email.com');

--Nota: De ahora en adelante se poblara unicamente el hotel de Santa Marta con NIT: 123456789
--Paso 3: Crear los recepcionistas del hotel con NIT: 123456789

INSERT INTO RECEPCIONISTAS_GENERAL (TIPO_DOC, NUM_DOC, NOMBRE, HOTEL_NIT) VALUES ('CC', '1234567891', 'Juan Perez Recep', '123456789');
INSERT INTO RECEPCIONISTAS_EMAIL (TIPO_DOC, NUM_DOC, EMAIL) VALUES ('CC', '1234567891', 'juanperez@recepcion.com');
INSERT INTO RECEPCIONISTAS_GENERAL (TIPO_DOC, NUM_DOC, NOMBRE, HOTEL_NIT) VALUES ('CC', '1234567892', 'Pedro Perez Recep', '123456789');
INSERT INTO RECEPCIONISTAS_EMAIL (TIPO_DOC, NUM_DOC, EMAIL) VALUES ('CC', '1234567892', 'pedroperez@recepcion.com');
INSERT INTO RECEPCIONISTAS_GENERAL (TIPO_DOC, NUM_DOC, NOMBRE, HOTEL_NIT) VALUES ('CC', '1234567893', 'Maria Perez Recep', '123456789');
INSERT INTO RECEPCIONISTAS_EMAIL (TIPO_DOC, NUM_DOC, EMAIL) VALUES ('CC', '1234567893', 'mariaperez@recepcion.com');
INSERT INTO RECEPCIONISTAS_GENERAL (TIPO_DOC, NUM_DOC, NOMBRE, HOTEL_NIT) VALUES ('CC', '1234567894', 'Isabella Perez Recep', '123456789');
INSERT INTO RECEPCIONISTAS_EMAIL (TIPO_DOC, NUM_DOC, EMAIL) VALUES ('CC', '1234567894', 'isabellaperez@recepcion.com');
INSERT INTO RECEPCIONISTAS_GENERAL (TIPO_DOC, NUM_DOC, NOMBRE , HOTEL_NIT) VALUES ('CC', '1234567895', 'Laura Perez Recep', '123456789');
INSERT INTO RECEPCIONISTAS_EMAIL (TIPO_DOC, NUM_DOC, EMAIL) VALUES ('CC', '1234567895', 'lauraperez@recepcion.com');
INSERT INTO RECEPCIONISTAS_GENERAL (TIPO_DOC, NUM_DOC, NOMBRE, HOTEL_NIT) VALUES ('CC', '1234567896', 'Juan Camilo Perez Recep', '123456789');
INSERT INTO RECEPCIONISTAS_EMAIL (TIPO_DOC, NUM_DOC, EMAIL) VALUES ('CC', '1234567896', 'juancperez@recepcion.com');
INSERT INTO RECEPCIONISTAS_GENERAL (TIPO_DOC, NUM_DOC, NOMBRE, HOTEL_NIT) VALUES ('CC', '1234567897', 'Santiago Perez Recep', '123456789');
INSERT INTO RECEPCIONISTAS_EMAIL (TIPO_DOC, NUM_DOC, EMAIL) VALUES ('CC', '1234567897', 'santiagoperez@recepcion.com');
INSERT INTO RECEPCIONISTAS_GENERAL (TIPO_DOC, NUM_DOC, NOMBRE, HOTEL_NIT) VALUES ('CC', '1234567898', 'Camila Perez Recep', '123456789');
INSERT INTO RECEPCIONISTAS_EMAIL (TIPO_DOC, NUM_DOC, EMAIL) VALUES ('CC', '1234567898', 'camilaperez@recepcion.com');

--Paso 4: Crear los gerentes del hoten con NIT: 123456789

INSERT INTO GERENTES (TIPO_DOC, NUM_DOC, NOMBRE, HOTEL_NIT) VALUES ('CC', '12345678910', 'Juan Perez Ger', '123456789');
INSERT INTO GERENTES_EMAIL (TIPO_DOC, NUM_DOC, EMAIL) VALUES ('CC', '12345678910', 'juanperez@gerencia.com');
INSERT INTO GERENTES (TIPO_DOC, NUM_DOC, NOMBRE, HOTEL_NIT) VALUES ('CC', '12345678911', 'Pedro Perez Ger', '123456789');
INSERT INTO GERENTES_EMAIL (TIPO_DOC, NUM_DOC, EMAIL) VALUES ('CC', '12345678911', 'pedroperez@gerencia.com');
INSERT INTO GERENTES (TIPO_DOC, NUM_DOC, NOMBRE, HOTEL_NIT) VALUES ('CC', '12345678912', 'Maria Perez Ger', '123456789');
INSERT INTO GERENTES_EMAIL (TIPO_DOC, NUM_DOC, EMAIL) VALUES ('CC', '12345678912', 'mariaperez@gerencia.com');
INSERT INTO GERENTES (TIPO_DOC, NUM_DOC, NOMBRE, HOTEL_NIT) VALUES ('CC', '12345678913', 'Isabella Perez Ger', '123456789');
INSERT INTO GERENTES_EMAIL (TIPO_DOC, NUM_DOC, EMAIL) VALUES ('CC', '12345678913', 'isabellaperez@gerencia.com');
INSERT INTO GERENTES (TIPO_DOC, NUM_DOC, NOMBRE, HOTEL_NIT) VALUES ('CC', '12345678914', 'Laura Perez Ger', '123456789');
INSERT INTO GERENTES_EMAIL (TIPO_DOC, NUM_DOC, EMAIL) VALUES ('CC', '12345678914', 'lauraperez@gerencia.com');
INSERT INTO GERENTES (TIPO_DOC, NUM_DOC, NOMBRE, HOTEL_NIT) VALUES ('CC', '12345678915', 'Juan Camilo Perez Ger', '123456789');
INSERT INTO GERENTES_EMAIL (TIPO_DOC, NUM_DOC, EMAIL) VALUES ('CC', '12345678915', 'juancperez@gerencia.com');
INSERT INTO GERENTES (TIPO_DOC, NUM_DOC, NOMBRE, HOTEL_NIT) VALUES ('CC', '12345678916', 'Santiago Perez Ger', '123456789');
INSERT INTO GERENTES_EMAIL (TIPO_DOC, NUM_DOC, EMAIL) VALUES ('CC', '12345678916', 'santiagoperez@gerencia.com');
INSERT INTO GERENTES (TIPO_DOC, NUM_DOC, NOMBRE, HOTEL_NIT) VALUES ('CC', '12345678917', 'Camila Perez Ger', '123456789');
INSERT INTO GERENTES_EMAIL (TIPO_DOC, NUM_DOC, EMAIL) VALUES ('CC', '12345678917', 'camilaperez@gerencia.com');

--Paso 5: Crear los empleados del hotel con NIT: 123456789

INSERT INTO EMPLEADOS_GENERAL (TIPO_DOC, NUM_DOC, NOMBRE, HOTEL_NIT) VALUES ('CC', '12345678920', 'Juan Perez Emp', '123456789');
INSERT INTO EMPLEADOS_EMAIL (TIPO_DOC, NUM_DOC, EMAIL) VALUES ('CC', '12345678920', 'juanperez@emple.com');
INSERT INTO EMPLEADOS_GENERAL (TIPO_DOC, NUM_DOC, NOMBRE, HOTEL_NIT) VALUES ('CC', '12345678921', 'Pedro Perez Emp', '123456789');
INSERT INTO EMPLEADOS_EMAIL (TIPO_DOC, NUM_DOC, EMAIL) VALUES ('CC', '12345678921', 'pedroperez@emple.com');
INSERT INTO EMPLEADOS_GENERAL (TIPO_DOC, NUM_DOC, NOMBRE, HOTEL_NIT) VALUES ('CC', '12345678922', 'Maria Perez Emp', '123456789');
INSERT INTO EMPLEADOS_EMAIL (TIPO_DOC, NUM_DOC, EMAIL) VALUES ('CC', '12345678922', 'mariaperez@emple.com');
INSERT INTO EMPLEADOS_GENERAL (TIPO_DOC, NUM_DOC, NOMBRE, HOTEL_NIT) VALUES ('CC', '12345678923', 'Isabella Perez Emp', '123456789');
INSERT INTO EMPLEADOS_EMAIL (TIPO_DOC, NUM_DOC, EMAIL) VALUES ('CC', '12345678923', 'isabellaperez@emple.com');
INSERT INTO EMPLEADOS_GENERAL (TIPO_DOC, NUM_DOC, NOMBRE, HOTEL_NIT) VALUES ('CC', '12345678924', 'Laura Perez Emp', '123456789');
INSERT INTO EMPLEADOS_EMAIL (TIPO_DOC, NUM_DOC, EMAIL) VALUES ('CC', '12345678924', 'lauraperez@emple.com');
INSERT INTO EMPLEADOS_GENERAL (TIPO_DOC, NUM_DOC, NOMBRE, HOTEL_NIT) VALUES ('CC', '12345678925', 'Juan Camilo Perez Emp', '123456789');
INSERT INTO EMPLEADOS_EMAIL (TIPO_DOC, NUM_DOC, EMAIL) VALUES ('CC', '12345678925', 'juancperez@emple.com');
INSERT INTO EMPLEADOS_GENERAL (TIPO_DOC, NUM_DOC, NOMBRE, HOTEL_NIT) VALUES ('CC', '12345678926', 'Santiago Perez Emp', '123456789');
INSERT INTO EMPLEADOS_EMAIL (TIPO_DOC, NUM_DOC, EMAIL) VALUES ('CC', '12345678926', 'santiagoperez@emple.com');
INSERT INTO EMPLEADOS_GENERAL (TIPO_DOC, NUM_DOC, NOMBRE, HOTEL_NIT) VALUES ('CC', '12345678927', 'Camila Perez Emp', '123456789');
INSERT INTO EMPLEADOS_EMAIL (TIPO_DOC, NUM_DOC, EMAIL) VALUES ('CC', '12345678927', 'camilaperez@emple.com');

--Paso 6: Crear los clientes del hotel con NIT: 123456789

INSERT INTO CLIENTES_GENERAL (TIPO_DOC, NUM_DOC, NOMBRE) VALUES ('CC', '12345678930', 'Juan Perez Cli');
INSERT INTO CLIENTES_EMAIL (TIPO_DOC, NUM_DOC, EMAIL) VALUES ('CC', '12345678930', 'juanperez@cliente.com');
INSERT INTO CLIENTES_GENERAL (TIPO_DOC, NUM_DOC, NOMBRE) VALUES ('CC', '12345678931', 'Pedro Perez Cli');
INSERT INTO CLIENTES_EMAIL (TIPO_DOC, NUM_DOC, EMAIL) VALUES ('CC', '12345678931', 'pedroperez@cliente.com');
INSERT INTO CLIENTES_GENERAL (TIPO_DOC, NUM_DOC, NOMBRE) VALUES ('CC', '12345678932', 'Maria Perez Cli');
INSERT INTO CLIENTES_EMAIL (TIPO_DOC, NUM_DOC, EMAIL) VALUES ('CC', '12345678932', 'mariaperez@cliente.com');
INSERT INTO CLIENTES_GENERAL (TIPO_DOC, NUM_DOC, NOMBRE) VALUES ('CC', '12345678933', 'Isabella Perez Cli');
INSERT INTO CLIENTES_EMAIL (TIPO_DOC, NUM_DOC, EMAIL) VALUES ('CC', '12345678933', 'isabellaperez@cliente.com');
INSERT INTO CLIENTES_GENERAL (TIPO_DOC, NUM_DOC, NOMBRE) VALUES ('CC', '12345678934', 'Laura Perez Cli');
INSERT INTO CLIENTES_EMAIL (TIPO_DOC, NUM_DOC, EMAIL) VALUES ('CC', '12345678934', 'lauraperez@cliente.com');
INSERT INTO CLIENTES_GENERAL (TIPO_DOC, NUM_DOC, NOMBRE) VALUES ('CC', '12345678935', 'Juan Camilo Perez Cli');
INSERT INTO CLIENTES_EMAIL (TIPO_DOC, NUM_DOC, EMAIL) VALUES ('CC', '12345678935', 'juancperez@cliente.com');
INSERT INTO CLIENTES_GENERAL (TIPO_DOC, NUM_DOC, NOMBRE) VALUES ('CC', '12345678936', 'Santiago Perez Cli');
INSERT INTO CLIENTES_EMAIL (TIPO_DOC, NUM_DOC, EMAIL) VALUES ('CC', '12345678936', 'santiagoperez@cliente.com');
INSERT INTO CLIENTES_GENERAL (TIPO_DOC, NUM_DOC, NOMBRE) VALUES ('CC', '12345678937', 'Camila Perez Cli');
INSERT INTO CLIENTES_EMAIL (TIPO_DOC, NUM_DOC, EMAIL) VALUES ('CC', '12345678937', 'camilaperez@cliente.com');

/*
REQUERIMIENTO FUNCIONAL 3: Crear los tipos de habitacion de los hoteles 
*/

-- Paso 0: Crear los servicios para el hotel con NIT: 123456789 que corresponden a los tipos de habitaciones

INSERT INTO SERVICIOS (ID, HOTEL_NIT) VALUES (1, '123456789');
INSERT INTO SERVICIOS (ID, HOTEL_NIT) VALUES (2, '123456789');
INSERT INTO SERVICIOS (ID, HOTEL_NIT) VALUES (3, '123456789');
INSERT INTO SERVICIOS (ID, HOTEL_NIT) VALUES (4, '123456789');
INSERT INTO SERVICIOS (ID, HOTEL_NIT) VALUES (5, '123456789');
INSERT INTO SERVICIOS (ID, HOTEL_NIT) VALUES (6, '123456789');
INSERT INTO SERVICIOS (ID, HOTEL_NIT) VALUES (7, '123456789');
INSERT INTO SERVICIOS (ID, HOTEL_NIT) VALUES (8, '123456789');
INSERT INTO SERVICIOS (ID, HOTEL_NIT) VALUES (9, '123456789');
INSERT INTO SERVICIOS (ID, HOTEL_NIT) VALUES (10, '123456789');


--Paso 1: Crear los tipos de habitaciones

INSERT INTO TIPOS_HABITACIONES (ID_SERVICIO, NOMBRE, CAPACIDAD, COSTO_NOCHE) VALUES (1, 'Simple', 1, 100);

INSERT INTO TIPOS_HABITACIONES (ID_SERVICIO, NOMBRE, CAPACIDAD, COSTO_NOCHE) VALUES (2, 'Doble', 2, 200);

INSERT INTO TIPOS_HABITACIONES (ID_SERVICIO, NOMBRE, CAPACIDAD, COSTO_NOCHE) VALUES (3, 'Triple', 3, 300);

INSERT INTO TIPOS_HABITACIONES (ID_SERVICIO, NOMBRE, CAPACIDAD, COSTO_NOCHE) VALUES (4, 'Cuadruple', 4, 400);

INSERT INTO TIPOS_HABITACIONES (ID_SERVICIO, NOMBRE, CAPACIDAD, COSTO_NOCHE) VALUES (5, 'Suite', 5, 500);

INSERT INTO TIPOS_HABITACIONES (ID_SERVICIO, NOMBRE, CAPACIDAD, COSTO_NOCHE) VALUES (6, 'Suite Premium', 6, 600);

INSERT INTO TIPOS_HABITACIONES (ID_SERVICIO, NOMBRE, CAPACIDAD, COSTO_NOCHE) VALUES (7, 'Suite Luxury', 7, 700);

INSERT INTO TIPOS_HABITACIONES (ID_SERVICIO, NOMBRE, CAPACIDAD, COSTO_NOCHE) VALUES (8, 'Suite Superior', 8, 800);

INSERT INTO TIPOS_HABITACIONES (ID_SERVICIO, NOMBRE, CAPACIDAD, COSTO_NOCHE) VALUES (9, 'Suite Superior Luxury', 9, 900);

INSERT INTO TIPOS_HABITACIONES (ID_SERVICIO, NOMBRE, CAPACIDAD, COSTO_NOCHE) VALUES (10, 'Suite Superior Premium', 10, 1000);

--Paso 2: Crear los items de los tipos de habitaciones

INSERT INTO ITEMS_DOTACION (NOMBRE, DESCRIPCION) VALUES ('TV', 'Television');
INSERT INTO ITEMS_DOTACION (NOMBRE, DESCRIPCION) VALUES ('CAMA', 'Cama');
INSERT INTO ITEMS_DOTACION (NOMBRE, DESCRIPCION) VALUES ('CAMA_ADAPTADA', 'Cama Adaptada');
INSERT INTO ITEMS_DOTACION (NOMBRE, DESCRIPCION) VALUES ('CAMA_ADAPTADA_DOBLE', 'Cama Adaptada Doble');
INSERT INTO ITEMS_DOTACION (NOMBRE, DESCRIPCION) VALUES ('CAMA_ADAPTADA_TRIPLE', 'Cama Adaptada Triple');
INSERT INTO ITEMS_DOTACION (NOMBRE, DESCRIPCION) VALUES ('CAMA_ADAPTADA_CUADRUPLE', 'Cama Adaptada Cuadruple');
INSERT INTO ITEMS_DOTACION (NOMBRE, DESCRIPCION) VALUES ('CAMA_ADAPTADA_SUITE', 'Cama Adaptada Suite');
INSERT INTO ITEMS_DOTACION (NOMBRE, DESCRIPCION) VALUES ('CAMA_ADAPTADA_SUITE_PREMIUM', 'Cama Adaptada Suite Premium');
INSERT INTO ITEMS_DOTACION (NOMBRE, DESCRIPCION) VALUES ('CAMA_ADAPTADA_SUITE_LUXURY', 'Cama Adaptada Suite Luxury');
INSERT INTO ITEMS_DOTACION (NOMBRE, DESCRIPCION) VALUES ('CAMA_ADAPTADA_SUITE_SUPERIOR', 'Cama Adaptada Suite Superior');
INSERT INTO ITEMS_DOTACION (NOMBRE, DESCRIPCION) VALUES ('CAMA_ADAPTADA_SUITE_SUPERIOR_LUXURY', 'Cama Adaptada Suite Superior Luxury');
INSERT INTO ITEMS_DOTACION (NOMBRE, DESCRIPCION) VALUES ('CAMA_ADAPTADA_SUITE_SUPERIOR_PREMIUM', 'Cama Adaptada Suite Superior Premium');
INSERT INTO ITEMS_DOTACION (NOMBRE, DESCRIPCION) VALUES ('TELEFONO', 'Telefono');
INSERT INTO ITEMS_DOTACION (NOMBRE, DESCRIPCION) VALUES ('COMPUTADORA', 'Computadora');
INSERT INTO ITEMS_DOTACION (NOMBRE, DESCRIPCION) VALUES ('CAMARA_DE_INTERNET', 'Camara de Internet');
INSERT INTO ITEMS_DOTACION (NOMBRE, DESCRIPCION) VALUES ('CAMARA_DE_INTERNET_IP', 'Camara de Internet IP');
INSERT INTO ITEMS_DOTACION (NOMBRE, DESCRIPCION) VALUES ('CAMARA_DE_INTERNET_IP_DOBLE', 'Camara de Internet IP Doble');
INSERT INTO ITEMS_DOTACION (NOMBRE, DESCRIPCION) VALUES ('CAMARA_DE_INTERNET_IP_TRIPLE', 'Camara de Internet IP Triple');
INSERT INTO ITEMS_DOTACION (NOMBRE, DESCRIPCION) VALUES ('CAMARA_DE_INTERNET_IP_CUADRUPLE', 'Camara de Internet IP Cuadruple');
INSERT INTO ITEMS_DOTACION (NOMBRE, DESCRIPCION) VALUES ('CAMARA_DE_INTERNET_IP_SUITE', 'Camara de Internet IP Suite');
INSERT INTO ITEMS_DOTACION (NOMBRE, DESCRIPCION) VALUES ('CAMARA_DE_INTERNET_IP_SUITE_PREMIUM', 'Camara de Internet IP Suite Premium');
INSERT INTO ITEMS_DOTACION (NOMBRE, DESCRIPCION) VALUES ('CAMARA_DE_INTERNET_IP_SUITE_LUXURY', 'Camara de Internet IP Suite Luxury');
INSERT INTO ITEMS_DOTACION (NOMBRE, DESCRIPCION) VALUES ('CAMARA_DE_INTERNET_IP_SUITE_SUPERIOR', 'Camara de Internet IP Suite Superior');
INSERT INTO ITEMS_DOTACION (NOMBRE, DESCRIPCION) VALUES ('CAMARA_DE_INTERNET_IP_SUITE_SUPERIOR_LUXURY', 'Camara de Internet IP Suite Superior Luxury');

--Paso 3: Crear los items de los tipos de habitaciones

INSERT INTO TIPOS_HABITACION_ITEMS (ID_TIPO_HABITACION, ITEM_DOTACION) VALUES (1, 'TV');
INSERT INTO TIPOS_HABITACION_ITEMS (ID_TIPO_HABITACION, ITEM_DOTACION) VALUES (1, 'TELEFONO');
INSERT INTO TIPOS_HABITACION_ITEMS (ID_TIPO_HABITACION, ITEM_DOTACION) VALUES (1, 'COMPUTADORA');
INSERT INTO TIPOS_HABITACION_ITEMS (ID_TIPO_HABITACION, ITEM_DOTACION) VALUES (1, 'CAMARA_DE_INTERNET');
INSERT INTO TIPOS_HABITACION_ITEMS (ID_TIPO_HABITACION, ITEM_DOTACION) VALUES (1, 'CAMA');

INSERT INTO TIPOS_HABITACION_ITEMS (ID_TIPO_HABITACION, ITEM_DOTACION) VALUES (2, 'TV');
INSERT INTO TIPOS_HABITACION_ITEMS (ID_TIPO_HABITACION, ITEM_DOTACION) VALUES (2, 'TELEFONO');
INSERT INTO TIPOS_HABITACION_ITEMS (ID_TIPO_HABITACION, ITEM_DOTACION) VALUES (2, 'COMPUTADORA');
INSERT INTO TIPOS_HABITACION_ITEMS (ID_TIPO_HABITACION, ITEM_DOTACION) VALUES (2, 'CAMARA_DE_INTERNET');
INSERT INTO TIPOS_HABITACION_ITEMS (ID_TIPO_HABITACION, ITEM_DOTACION) VALUES (2, 'CAMA_ADAPTADA');

INSERT INTO TIPOS_HABITACION_ITEMS (ID_TIPO_HABITACION, ITEM_DOTACION) VALUES (3, 'TV');
INSERT INTO TIPOS_HABITACION_ITEMS (ID_TIPO_HABITACION, ITEM_DOTACION) VALUES (3, 'TELEFONO');
INSERT INTO TIPOS_HABITACION_ITEMS (ID_TIPO_HABITACION, ITEM_DOTACION) VALUES (3, 'COMPUTADORA');
INSERT INTO TIPOS_HABITACION_ITEMS (ID_TIPO_HABITACION, ITEM_DOTACION) VALUES (3, 'CAMARA_DE_INTERNET');
INSERT INTO TIPOS_HABITACION_ITEMS (ID_TIPO_HABITACION, ITEM_DOTACION) VALUES (3, 'CAMA_ADAPTADA_TRIPLE');

INSERT INTO TIPOS_HABITACION_ITEMS (ID_TIPO_HABITACION, ITEM_DOTACION) VALUES (4, 'TV');
INSERT INTO TIPOS_HABITACION_ITEMS (ID_TIPO_HABITACION, ITEM_DOTACION) VALUES (4, 'TELEFONO');
INSERT INTO TIPOS_HABITACION_ITEMS (ID_TIPO_HABITACION, ITEM_DOTACION) VALUES (4, 'COMPUTADORA');
INSERT INTO TIPOS_HABITACION_ITEMS (ID_TIPO_HABITACION, ITEM_DOTACION) VALUES (4, 'CAMARA_DE_INTERNET');
INSERT INTO TIPOS_HABITACION_ITEMS (ID_TIPO_HABITACION, ITEM_DOTACION) VALUES (4, 'CAMA_ADAPTADA_CUADRUPLE');

INSERT INTO TIPOS_HABITACION_ITEMS (ID_TIPO_HABITACION, ITEM_DOTACION) VALUES (5, 'TV');
INSERT INTO TIPOS_HABITACION_ITEMS (ID_TIPO_HABITACION, ITEM_DOTACION) VALUES (5, 'TELEFONO');
INSERT INTO TIPOS_HABITACION_ITEMS (ID_TIPO_HABITACION, ITEM_DOTACION) VALUES (5, 'COMPUTADORA');
INSERT INTO TIPOS_HABITACION_ITEMS (ID_TIPO_HABITACION, ITEM_DOTACION) VALUES (5, 'CAMARA_DE_INTERNET');
INSERT INTO TIPOS_HABITACION_ITEMS (ID_TIPO_HABITACION, ITEM_DOTACION) VALUES (5, 'CAMA_ADAPTADA_SUITE');

INSERT INTO TIPOS_HABITACION_ITEMS (ID_TIPO_HABITACION, ITEM_DOTACION) VALUES (6, 'TV');
INSERT INTO TIPOS_HABITACION_ITEMS (ID_TIPO_HABITACION, ITEM_DOTACION) VALUES (6, 'TELEFONO');
INSERT INTO TIPOS_HABITACION_ITEMS (ID_TIPO_HABITACION, ITEM_DOTACION) VALUES (6, 'COMPUTADORA');
INSERT INTO TIPOS_HABITACION_ITEMS (ID_TIPO_HABITACION, ITEM_DOTACION) VALUES (6, 'CAMARA_DE_INTERNET');
INSERT INTO TIPOS_HABITACION_ITEMS (ID_TIPO_HABITACION, ITEM_DOTACION) VALUES (6, 'CAMA_ADAPTADA_SUITE_PREMIUM');

INSERT INTO TIPOS_HABITACION_ITEMS (ID_TIPO_HABITACION, ITEM_DOTACION) VALUES (7, 'TV');
INSERT INTO TIPOS_HABITACION_ITEMS (ID_TIPO_HABITACION, ITEM_DOTACION) VALUES (7, 'TELEFONO');
INSERT INTO TIPOS_HABITACION_ITEMS (ID_TIPO_HABITACION, ITEM_DOTACION) VALUES (7, 'COMPUTADORA');
INSERT INTO TIPOS_HABITACION_ITEMS (ID_TIPO_HABITACION, ITEM_DOTACION) VALUES (7, 'CAMARA_DE_INTERNET');
INSERT INTO TIPOS_HABITACION_ITEMS (ID_TIPO_HABITACION, ITEM_DOTACION) VALUES (7, 'CAMA_ADAPTADA_SUITE_LUXURY');

INSERT INTO TIPOS_HABITACION_ITEMS (ID_TIPO_HABITACION, ITEM_DOTACION) VALUES (8, 'TV');
INSERT INTO TIPOS_HABITACION_ITEMS (ID_TIPO_HABITACION, ITEM_DOTACION) VALUES (8, 'TELEFONO');
INSERT INTO TIPOS_HABITACION_ITEMS (ID_TIPO_HABITACION, ITEM_DOTACION) VALUES (8, 'COMPUTADORA');
INSERT INTO TIPOS_HABITACION_ITEMS (ID_TIPO_HABITACION, ITEM_DOTACION) VALUES (8, 'CAMARA_DE_INTERNET');
INSERT INTO TIPOS_HABITACION_ITEMS (ID_TIPO_HABITACION, ITEM_DOTACION) VALUES (8, 'CAMA_ADAPTADA_SUITE_SUPERIOR');

INSERT INTO TIPOS_HABITACION_ITEMS (ID_TIPO_HABITACION, ITEM_DOTACION) VALUES (9, 'TV');
INSERT INTO TIPOS_HABITACION_ITEMS (ID_TIPO_HABITACION, ITEM_DOTACION) VALUES (9, 'TELEFONO');
INSERT INTO TIPOS_HABITACION_ITEMS (ID_TIPO_HABITACION, ITEM_DOTACION) VALUES (9, 'COMPUTADORA');
INSERT INTO TIPOS_HABITACION_ITEMS (ID_TIPO_HABITACION, ITEM_DOTACION) VALUES (9, 'CAMARA_DE_INTERNET');
INSERT INTO TIPOS_HABITACION_ITEMS (ID_TIPO_HABITACION, ITEM_DOTACION) VALUES (9, 'CAMA_ADAPTADA_SUITE_SUPERIOR_LUXURY');

INSERT INTO TIPOS_HABITACION_ITEMS (ID_TIPO_HABITACION, ITEM_DOTACION) VALUES (10, 'TV');
INSERT INTO TIPOS_HABITACION_ITEMS (ID_TIPO_HABITACION, ITEM_DOTACION) VALUES (10, 'TELEFONO');
INSERT INTO TIPOS_HABITACION_ITEMS (ID_TIPO_HABITACION, ITEM_DOTACION) VALUES (10, 'COMPUTADORA');
INSERT INTO TIPOS_HABITACION_ITEMS (ID_TIPO_HABITACION, ITEM_DOTACION) VALUES (10, 'CAMARA_DE_INTERNET');
INSERT INTO TIPOS_HABITACION_ITEMS (ID_TIPO_HABITACION, ITEM_DOTACION) VALUES (10, 'CAMA_ADAPTADA_SUITE_SUPERIOR_LUXURY');

/*
REQUERIMIENTO FUNCIONAL 4: Registrar habitaciones para el hotel con NIT: 123456789 
*/

--Paso 1: Asignar 4 habitaciones por cada uno de los 10 tipos de habitaciones existentes usando los ids definidos

INSERT INTO SERVICIOS_HABITACIONES (NUMERO_HABITACION, OCUPADA, ID_SERVICIO_TIPO_HABITACION) VALUES (1, 0, 1);
INSERT INTO SERVICIOS_HABITACIONES (NUMERO_HABITACION, OCUPADA, ID_SERVICIO_TIPO_HABITACION) VALUES (2, 0, 2);
INSERT INTO SERVICIOS_HABITACIONES (NUMERO_HABITACION, OCUPADA, ID_SERVICIO_TIPO_HABITACION) VALUES (3, 0, 3);
INSERT INTO SERVICIOS_HABITACIONES (NUMERO_HABITACION, OCUPADA, ID_SERVICIO_TIPO_HABITACION) VALUES (4, 0, 4);
INSERT INTO SERVICIOS_HABITACIONES (NUMERO_HABITACION, OCUPADA, ID_SERVICIO_TIPO_HABITACION) VALUES (5, 0, 5);
INSERT INTO SERVICIOS_HABITACIONES (NUMERO_HABITACION, OCUPADA, ID_SERVICIO_TIPO_HABITACION) VALUES (6, 0, 6);
INSERT INTO SERVICIOS_HABITACIONES (NUMERO_HABITACION, OCUPADA, ID_SERVICIO_TIPO_HABITACION) VALUES (7, 0, 7);
INSERT INTO SERVICIOS_HABITACIONES (NUMERO_HABITACION, OCUPADA, ID_SERVICIO_TIPO_HABITACION) VALUES (8, 0, 8);
INSERT INTO SERVICIOS_HABITACIONES (NUMERO_HABITACION, OCUPADA, ID_SERVICIO_TIPO_HABITACION) VALUES (9, 0, 9);
INSERT INTO SERVICIOS_HABITACIONES (NUMERO_HABITACION, OCUPADA, ID_SERVICIO_TIPO_HABITACION) VALUES (10, 0, 10);

INSERT INTO DISPONIBILIDAD_HABITACIONES (NUMERO_HABITACION, ID_SERVICIO_TIPO_HABITACION, FECHA_DISPONIBLE) VALUES (1, 1, NULL);
INSERT INTO DISPONIBILIDAD_HABITACIONES (NUMERO_HABITACION, ID_SERVICIO_TIPO_HABITACION, FECHA_DISPONIBLE) VALUES (2, 2, NULL);
INSERT INTO DISPONIBILIDAD_HABITACIONES (NUMERO_HABITACION, ID_SERVICIO_TIPO_HABITACION, FECHA_DISPONIBLE) VALUES (3, 3, NULL);
INSERT INTO DISPONIBILIDAD_HABITACIONES (NUMERO_HABITACION, ID_SERVICIO_TIPO_HABITACION, FECHA_DISPONIBLE) VALUES (4, 4, NULL);
INSERT INTO DISPONIBILIDAD_HABITACIONES (NUMERO_HABITACION, ID_SERVICIO_TIPO_HABITACION, FECHA_DISPONIBLE) VALUES (5, 5, NULL);
INSERT INTO DISPONIBILIDAD_HABITACIONES (NUMERO_HABITACION, ID_SERVICIO_TIPO_HABITACION, FECHA_DISPONIBLE) VALUES (6, 6, NULL);
INSERT INTO DISPONIBILIDAD_HABITACIONES (NUMERO_HABITACION, ID_SERVICIO_TIPO_HABITACION, FECHA_DISPONIBLE) VALUES (7, 7, NULL);
INSERT INTO DISPONIBILIDAD_HABITACIONES (NUMERO_HABITACION, ID_SERVICIO_TIPO_HABITACION, FECHA_DISPONIBLE) VALUES (8, 8, NULL);
INSERT INTO DISPONIBILIDAD_HABITACIONES (NUMERO_HABITACION, ID_SERVICIO_TIPO_HABITACION, FECHA_DISPONIBLE) VALUES (9, 9, NULL);
INSERT INTO DISPONIBILIDAD_HABITACIONES (NUMERO_HABITACION, ID_SERVICIO_TIPO_HABITACION, FECHA_DISPONIBLE) VALUES (10, 10, NULL);


INSERT INTO SERVICIOS_HABITACIONES (NUMERO_HABITACION, OCUPADA, ID_SERVICIO_TIPO_HABITACION) VALUES (11, 0, 1);
INSERT INTO SERVICIOS_HABITACIONES (NUMERO_HABITACION, OCUPADA, ID_SERVICIO_TIPO_HABITACION) VALUES (12, 0, 2);
INSERT INTO SERVICIOS_HABITACIONES (NUMERO_HABITACION, OCUPADA, ID_SERVICIO_TIPO_HABITACION) VALUES (13, 0, 3);
INSERT INTO SERVICIOS_HABITACIONES (NUMERO_HABITACION, OCUPADA, ID_SERVICIO_TIPO_HABITACION) VALUES (14, 0, 4);
INSERT INTO SERVICIOS_HABITACIONES (NUMERO_HABITACION, OCUPADA, ID_SERVICIO_TIPO_HABITACION) VALUES (15, 0, 5);
INSERT INTO SERVICIOS_HABITACIONES (NUMERO_HABITACION, OCUPADA, ID_SERVICIO_TIPO_HABITACION) VALUES (16, 0, 6);
INSERT INTO SERVICIOS_HABITACIONES (NUMERO_HABITACION, OCUPADA, ID_SERVICIO_TIPO_HABITACION) VALUES (17, 0, 7);
INSERT INTO SERVICIOS_HABITACIONES (NUMERO_HABITACION, OCUPADA, ID_SERVICIO_TIPO_HABITACION) VALUES (18, 0, 8);
INSERT INTO SERVICIOS_HABITACIONES (NUMERO_HABITACION, OCUPADA, ID_SERVICIO_TIPO_HABITACION) VALUES (19, 0, 9);
INSERT INTO SERVICIOS_HABITACIONES (NUMERO_HABITACION, OCUPADA, ID_SERVICIO_TIPO_HABITACION) VALUES (20, 0, 10);


INSERT INTO DISPONIBILIDAD_HABITACIONES (NUMERO_HABITACION, ID_SERVICIO_TIPO_HABITACION, FECHA_DISPONIBLE) VALUES (11, 1, NULL);
INSERT INTO DISPONIBILIDAD_HABITACIONES (NUMERO_HABITACION, ID_SERVICIO_TIPO_HABITACION, FECHA_DISPONIBLE) VALUES (12, 2, NULL);
INSERT INTO DISPONIBILIDAD_HABITACIONES (NUMERO_HABITACION, ID_SERVICIO_TIPO_HABITACION, FECHA_DISPONIBLE) VALUES (13, 3, NULL);
INSERT INTO DISPONIBILIDAD_HABITACIONES (NUMERO_HABITACION, ID_SERVICIO_TIPO_HABITACION, FECHA_DISPONIBLE) VALUES (14, 4, NULL);
INSERT INTO DISPONIBILIDAD_HABITACIONES (NUMERO_HABITACION, ID_SERVICIO_TIPO_HABITACION, FECHA_DISPONIBLE) VALUES (15, 5, NULL);
INSERT INTO DISPONIBILIDAD_HABITACIONES (NUMERO_HABITACION, ID_SERVICIO_TIPO_HABITACION, FECHA_DISPONIBLE) VALUES (16, 6, NULL);
INSERT INTO DISPONIBILIDAD_HABITACIONES (NUMERO_HABITACION, ID_SERVICIO_TIPO_HABITACION, FECHA_DISPONIBLE) VALUES (17, 7, NULL);
INSERT INTO DISPONIBILIDAD_HABITACIONES (NUMERO_HABITACION, ID_SERVICIO_TIPO_HABITACION, FECHA_DISPONIBLE) VALUES (18, 8, NULL);
INSERT INTO DISPONIBILIDAD_HABITACIONES (NUMERO_HABITACION, ID_SERVICIO_TIPO_HABITACION, FECHA_DISPONIBLE) VALUES (19, 9, NULL);
INSERT INTO DISPONIBILIDAD_HABITACIONES (NUMERO_HABITACION, ID_SERVICIO_TIPO_HABITACION, FECHA_DISPONIBLE) VALUES (20, 10, NULL);

INSERT INTO SERVICIOS_HABITACIONES (NUMERO_HABITACION, OCUPADA, ID_SERVICIO_TIPO_HABITACION) VALUES (21, 0, 1);
INSERT INTO SERVICIOS_HABITACIONES (NUMERO_HABITACION, OCUPADA, ID_SERVICIO_TIPO_HABITACION) VALUES (22, 0, 2);
INSERT INTO SERVICIOS_HABITACIONES (NUMERO_HABITACION, OCUPADA, ID_SERVICIO_TIPO_HABITACION) VALUES (23, 0, 3);
INSERT INTO SERVICIOS_HABITACIONES (NUMERO_HABITACION, OCUPADA, ID_SERVICIO_TIPO_HABITACION) VALUES (24, 0, 4);
INSERT INTO SERVICIOS_HABITACIONES (NUMERO_HABITACION, OCUPADA, ID_SERVICIO_TIPO_HABITACION) VALUES (25, 0, 5);
INSERT INTO SERVICIOS_HABITACIONES (NUMERO_HABITACION, OCUPADA, ID_SERVICIO_TIPO_HABITACION) VALUES (26, 0, 6);
INSERT INTO SERVICIOS_HABITACIONES (NUMERO_HABITACION, OCUPADA, ID_SERVICIO_TIPO_HABITACION) VALUES (27, 0, 7);
INSERT INTO SERVICIOS_HABITACIONES (NUMERO_HABITACION, OCUPADA, ID_SERVICIO_TIPO_HABITACION) VALUES (28, 0, 8);
INSERT INTO SERVICIOS_HABITACIONES (NUMERO_HABITACION, OCUPADA, ID_SERVICIO_TIPO_HABITACION) VALUES (29, 0, 9);
INSERT INTO SERVICIOS_HABITACIONES (NUMERO_HABITACION, OCUPADA, ID_SERVICIO_TIPO_HABITACION) VALUES (30, 0, 10);


INSERT INTO DISPONIBILIDAD_HABITACIONES (NUMERO_HABITACION, ID_SERVICIO_TIPO_HABITACION, FECHA_DISPONIBLE) VALUES (21, 1, NULL);
INSERT INTO DISPONIBILIDAD_HABITACIONES (NUMERO_HABITACION, ID_SERVICIO_TIPO_HABITACION, FECHA_DISPONIBLE) VALUES (22, 2, NULL);
INSERT INTO DISPONIBILIDAD_HABITACIONES (NUMERO_HABITACION, ID_SERVICIO_TIPO_HABITACION, FECHA_DISPONIBLE) VALUES (23, 3, NULL);
INSERT INTO DISPONIBILIDAD_HABITACIONES (NUMERO_HABITACION, ID_SERVICIO_TIPO_HABITACION, FECHA_DISPONIBLE) VALUES (24, 4, NULL);
INSERT INTO DISPONIBILIDAD_HABITACIONES (NUMERO_HABITACION, ID_SERVICIO_TIPO_HABITACION, FECHA_DISPONIBLE) VALUES (25, 5, NULL);
INSERT INTO DISPONIBILIDAD_HABITACIONES (NUMERO_HABITACION, ID_SERVICIO_TIPO_HABITACION, FECHA_DISPONIBLE) VALUES (26, 6, NULL);
INSERT INTO DISPONIBILIDAD_HABITACIONES (NUMERO_HABITACION, ID_SERVICIO_TIPO_HABITACION, FECHA_DISPONIBLE) VALUES (27, 7, NULL);
INSERT INTO DISPONIBILIDAD_HABITACIONES (NUMERO_HABITACION, ID_SERVICIO_TIPO_HABITACION, FECHA_DISPONIBLE) VALUES (28, 8, NULL);
INSERT INTO DISPONIBILIDAD_HABITACIONES (NUMERO_HABITACION, ID_SERVICIO_TIPO_HABITACION, FECHA_DISPONIBLE) VALUES (29, 9, NULL);
INSERT INTO DISPONIBILIDAD_HABITACIONES (NUMERO_HABITACION, ID_SERVICIO_TIPO_HABITACION, FECHA_DISPONIBLE) VALUES (30, 10, NULL);


INSERT INTO SERVICIOS_HABITACIONES (NUMERO_HABITACION, OCUPADA, ID_SERVICIO_TIPO_HABITACION) VALUES (31, 0, 1);
INSERT INTO SERVICIOS_HABITACIONES (NUMERO_HABITACION, OCUPADA, ID_SERVICIO_TIPO_HABITACION) VALUES (32, 0, 2);
INSERT INTO SERVICIOS_HABITACIONES (NUMERO_HABITACION, OCUPADA, ID_SERVICIO_TIPO_HABITACION) VALUES (33, 0, 3);
INSERT INTO SERVICIOS_HABITACIONES (NUMERO_HABITACION, OCUPADA, ID_SERVICIO_TIPO_HABITACION) VALUES (34, 0, 4);
INSERT INTO SERVICIOS_HABITACIONES (NUMERO_HABITACION, OCUPADA, ID_SERVICIO_TIPO_HABITACION) VALUES (35, 0, 5);
INSERT INTO SERVICIOS_HABITACIONES (NUMERO_HABITACION, OCUPADA, ID_SERVICIO_TIPO_HABITACION) VALUES (36, 0, 6);
INSERT INTO SERVICIOS_HABITACIONES (NUMERO_HABITACION, OCUPADA, ID_SERVICIO_TIPO_HABITACION) VALUES (37, 0, 7);
INSERT INTO SERVICIOS_HABITACIONES (NUMERO_HABITACION, OCUPADA, ID_SERVICIO_TIPO_HABITACION) VALUES (38, 0, 8);
INSERT INTO SERVICIOS_HABITACIONES (NUMERO_HABITACION, OCUPADA, ID_SERVICIO_TIPO_HABITACION) VALUES (39, 0, 9);
INSERT INTO SERVICIOS_HABITACIONES (NUMERO_HABITACION, OCUPADA, ID_SERVICIO_TIPO_HABITACION) VALUES (40, 0, 10);

INSERT INTO DISPONIBILIDAD_HABITACIONES (NUMERO_HABITACION, ID_SERVICIO_TIPO_HABITACION, FECHA_DISPONIBLE) VALUES (31, 1, NULL);
INSERT INTO DISPONIBILIDAD_HABITACIONES (NUMERO_HABITACION, ID_SERVICIO_TIPO_HABITACION, FECHA_DISPONIBLE) VALUES (32, 2, NULL);
INSERT INTO DISPONIBILIDAD_HABITACIONES (NUMERO_HABITACION, ID_SERVICIO_TIPO_HABITACION, FECHA_DISPONIBLE) VALUES (33, 3, NULL);
INSERT INTO DISPONIBILIDAD_HABITACIONES (NUMERO_HABITACION, ID_SERVICIO_TIPO_HABITACION, FECHA_DISPONIBLE) VALUES (34, 4, NULL);
INSERT INTO DISPONIBILIDAD_HABITACIONES (NUMERO_HABITACION, ID_SERVICIO_TIPO_HABITACION, FECHA_DISPONIBLE) VALUES (35, 5, NULL);
INSERT INTO DISPONIBILIDAD_HABITACIONES (NUMERO_HABITACION, ID_SERVICIO_TIPO_HABITACION, FECHA_DISPONIBLE) VALUES (36, 6, NULL);
INSERT INTO DISPONIBILIDAD_HABITACIONES (NUMERO_HABITACION, ID_SERVICIO_TIPO_HABITACION, FECHA_DISPONIBLE) VALUES (37, 7, NULL);
INSERT INTO DISPONIBILIDAD_HABITACIONES (NUMERO_HABITACION, ID_SERVICIO_TIPO_HABITACION, FECHA_DISPONIBLE) VALUES (38, 8, NULL);
INSERT INTO DISPONIBILIDAD_HABITACIONES (NUMERO_HABITACION, ID_SERVICIO_TIPO_HABITACION, FECHA_DISPONIBLE) VALUES (39, 9, NULL);
INSERT INTO DISPONIBILIDAD_HABITACIONES (NUMERO_HABITACION, ID_SERVICIO_TIPO_HABITACION, FECHA_DISPONIBLE) VALUES (40, 10, NULL);


/*
REQUERIMIENTO FUNCIONAL 5: CREAR LOS SERVICIOS DEL HOTEL CON NIT: 123456789
*/

--Paso 1: Crear el servicio PISCINA
----- Paso 1.1: Insertar a la tabla SERVICIOS con un nuevo id

INSERT INTO SERVICIOS (ID, HOTEL_NIT) VALUES (11, '123456789');

----- Paso 1.2: Insertar a la tabla PISCINAS con el id del servicio creado

INSERT INTO PISCINAS(NOMBRE, CAPACIDAD, PROFUNDIDAD_CM, COSTO_USO, ID_SERVICIO) VALUES ('PISCINA_1', 100, 10, 100, 11);

----- Paso 1.3: Insertar a la tabla HORARIOS dos HORARIO

INSERT INTO HORARIOS (HORA_INICIO_24h, HORA_FIN_24h) VALUES (7, 12);
INSERT INTO HORARIOS (HORA_INICIO_24h, HORA_FIN_24h) VALUES (14, 20);

---- Paso 1.2: Asignar el horario a la piscina

INSERT INTO HORARIOS_PISCINAS (PISCINA_ID_SERVICIO, HORA_INICIO, HORA_FIN) VALUES (11, 7, 12);
INSERT INTO HORARIOS_PISCINAS (PISCINA_ID_SERVICIO, HORA_INICIO, HORA_FIN) VALUES (11, 14, 20);

--Paso 2: Crear el servicio GIMNASIO
----- Paso 2.1: Insertar a la tabla SERVICIOS con un nuevo id

INSERT INTO SERVICIOS (ID, HOTEL_NIT) VALUES (12, '123456789');

----- Paso 2.2: Insertar a la tabla GIMNASIOS con el id del servicio creado

INSERT INTO GIMNASIOS (NOMBRE, CAPACIDAD, COSTO_USO, ID_SERVICIO) VALUES ('GIMNASIO_1', 100, 100, 12);

----- Paso 2.3: Insertar a la tabla HORARIOS dos HORARIO

INSERT INTO HORARIOS (HORA_INICIO_24h, HORA_FIN_24h) VALUES (5, 12);
INSERT INTO HORARIOS (HORA_INICIO_24h, HORA_FIN_24h) VALUES (1, 19);
---- Paso 2.4: Asignar el horario al GIMNASIO

INSERT INTO HORARIOS_GIMNASIOS (GIMNASIO_ID_SERVICIO, HORA_INICIO, HORA_FIN) VALUES (12, 5, 12);
INSERT INTO HORARIOS_GIMNASIOS (GIMNASIO_ID_SERVICIO, HORA_INICIO, HORA_FIN) VALUES (12,1,19);

---- Paso 2.5: Insertar a la tabla MAQUINAS las maquinas del GIMNASIO

INSERT INTO MAQUINAS(ID, NOMBRE, ESTADO) VALUES (1, 'MAQUINA_1', 'BUENO');
INSERT INTO MAQUINAS(ID, NOMBRE, ESTADO) VALUES (2, 'MAQUINA_2', 'BUENO');
INSERT INTO MAQUINAS(ID, NOMBRE, ESTADO) VALUES (3, 'MAQUINA_3', 'BUENO');
INSERT INTO MAQUINAS(ID, NOMBRE, ESTADO) VALUES (4, 'MAQUINA_4', 'BUENO');
INSERT INTO MAQUINAS(ID, NOMBRE, ESTADO) VALUES (5, 'MAQUINA_5', 'BUENO');
INSERT INTO MAQUINAS(ID, NOMBRE, ESTADO) VALUES (6, 'MAQUINA_6', 'BUENO');
INSERT INTO MAQUINAS(ID, NOMBRE, ESTADO) VALUES (7, 'MAQUINA_7', 'BUENO');

---- Paso 2.6: Asignar las maquinas al gimnasio
INSERT INTO MAQUINAS_GIMNASIOS (GIMNASIO_ID_SERVICIO, ID_MAQUINA) VALUES (12, 1);
INSERT INTO MAQUINAS_GIMNASIOS (GIMNASIO_ID_SERVICIO, ID_MAQUINA) VALUES (12, 2);
INSERT INTO MAQUINAS_GIMNASIOS (GIMNASIO_ID_SERVICIO, ID_MAQUINA) VALUES (12, 3);
INSERT INTO MAQUINAS_GIMNASIOS (GIMNASIO_ID_SERVICIO, ID_MAQUINA) VALUES (12, 4);
INSERT INTO MAQUINAS_GIMNASIOS (GIMNASIO_ID_SERVICIO, ID_MAQUINA) VALUES (12, 5);
INSERT INTO MAQUINAS_GIMNASIOS (GIMNASIO_ID_SERVICIO, ID_MAQUINA) VALUES (12, 6);
INSERT INTO MAQUINAS_GIMNASIOS (GIMNASIO_ID_SERVICIO, ID_MAQUINA) VALUES (12, 7);

-- Paso 3: Crear el servicio INTERNET
----Paso 3.1: Insertar a la tabla SERVICIOS con un nuevo id

INSERT INTO SERVICIOS(ID, HOTEL_NIT) VALUES (13, '123456789');

----Paso 3.2: Insertar a la tabla INTERNET con el id del servicio creado

INSERT INTO INTERNET (NOMBRE, CAPACIDAD_MB, COSTO_DIA, ID_SERVICIO) VALUES ('INTERNET_1', 100, 100, 13);

-- Paso 4: Crear el servicio BAR
----Paso 4.1: Insertar a la tabla SERVICIOS con un nuevo id

INSERT INTO SERVICIOS(ID, HOTEL_NIT) VALUES (14, '123456789');

----Paso 4.2: Insertar a la tabla BAR con el id del servicio creado

INSERT INTO BARES (NOMBRE, CAPACIDAD, ESTILO, ID_SERVICIO) VALUES ('BAR_1', 100, 'CLASICO', 14);

---- Paso 4.3: Agregar Productos al bar con el id de servicio creado
------Paso 4.3.1: Crear los productos que se van a asociar al bar
--Producto 1

INSERT INTO SERVICIOS(ID, HOTEL_NIT) VALUES (15, '123456789');

INSERT INTO PRODUCTOS(ID, HOTEL_NIT, NOMBRE, COSTO) VALUES (1, '123456789', 'PRODUCTO_1', 100);
INSERT INTO PRODUCTOS_ID_SERVICIO (ID_SERVICIO, ID_PRODUCTO) VALUES (15, 1);

--Producto 2

INSERT INTO SERVICIOS (ID, HOTEL_NIT) VALUES (16, '123456789');

INSERT INTO PRODUCTOS(ID,HOTEL_NIT, NOMBRE, COSTO) VALUES (2, '123456789', 'PRODUCTO_2', 100);
INSERT INTO PRODUCTOS_ID_SERVICIO (ID_SERVICIO, ID_PRODUCTO) VALUES (16, 2);

--Producto 3

INSERT INTO SERVICIOS (ID, HOTEL_NIT) VALUES (17, '123456789');

INSERT INTO PRODUCTOS (ID,HOTEL_NIT, NOMBRE, COSTO) VALUES (3, '123456789', 'PRODUCTO_3', 100);
INSERT INTO PRODUCTOS_ID_SERVICIO (ID_SERVICIO, ID_PRODUCTO) VALUES (17, 3);

--Producto 4

INSERT INTO SERVICIOS (ID, HOTEL_NIT) VALUES (18, '123456789');

INSERT INTO PRODUCTOS (ID,HOTEL_NIT, NOMBRE, COSTO) VALUES (4, '123456789', 'PRODUCTO_4', 100);
INSERT INTO PRODUCTOS_ID_SERVICIO (ID_SERVICIO, ID_PRODUCTO) VALUES (18, 4);

------Paso 4.3.2: Asignar los productos al bar

INSERT INTO CARTA_BARES (ID_SERVICIO_BAR, ID_PRODUCTO) VALUES (14, 1);
INSERT INTO CARTA_BARES (ID_SERVICIO_BAR, ID_PRODUCTO) VALUES (14, 2);
INSERT INTO CARTA_BARES (ID_SERVICIO_BAR, ID_PRODUCTO) VALUES (14, 3);
INSERT INTO CARTA_BARES (ID_SERVICIO_BAR, ID_PRODUCTO) VALUES (14, 4);

--Paso 5: Crear el servicio RESTAURANTE

----Paso 5.1: Insertar a la tabla SERVICIOS con un nuevo id

INSERT INTO SERVICIOS(ID, HOTEL_NIT) VALUES (19, '123456789');
----Paso 5.2: Insertar a la tabla RESTAURANTE con el id del servicio creado

INSERT INTO RESTAURANTES (NOMBRE, CAPACIDAD, ESTILO, ID_SERVICIO) VALUES ('RESTAURANTE_1', 100, 'CLASICO', 19);

----Paso 5.3: Agregar Productos al restaurante con el id de servicio creado
----Paso 5.3.1: Crear los productos que se van a asociar al restaurante
--Producto 1

INSERT INTO SERVICIOS (ID, HOTEL_NIT) VALUES (20, '123456789');

INSERT INTO PRODUCTOS (ID,HOTEL_NIT,  NOMBRE, COSTO) VALUES (5, '123456789', 'PRODUCTO_5', 100);
INSERT INTO PRODUCTOS_ID_SERVICIO (ID_SERVICIO, ID_PRODUCTO) VALUES (20, 5);

--Producto 2

INSERT INTO SERVICIOS (ID, HOTEL_NIT) VALUES (21, '123456789');

INSERT INTO PRODUCTOS (ID,HOTEL_NIT,NOMBRE, COSTO) VALUES (6, '123456789', 'PRODUCTO_6', 100);
INSERT INTO PRODUCTOS_ID_SERVICIO (ID_SERVICIO, ID_PRODUCTO) VALUES (21, 6);

--Producto 3

INSERT INTO SERVICIOS (ID, HOTEL_NIT) VALUES (22, '123456789');

INSERT INTO PRODUCTOS (ID,HOTEL_NIT, NOMBRE, COSTO) VALUES (7, '123456789', 'PRODUCTO_7', 100);
INSERT INTO PRODUCTOS_ID_SERVICIO (ID_SERVICIO, ID_PRODUCTO) VALUES (22, 7);

--Producto 4

INSERT INTO SERVICIOS (ID, HOTEL_NIT) VALUES (23, '123456789');

INSERT INTO PRODUCTOS (ID, HOTEL_NIT,NOMBRE, COSTO) VALUES (8, '123456789', 'PRODUCTO_8', 100);
INSERT INTO PRODUCTOS_ID_SERVICIO (ID_SERVICIO, ID_PRODUCTO) VALUES (23, 8);

----Paso 5.3.2: Asignar los productos al restaurante

INSERT INTO CARTA_RESTAURANTES (ID_SERVICIO_RESTAURANTE, ID_PRODUCTO) VALUES (19, 5);
INSERT INTO CARTA_RESTAURANTES (ID_SERVICIO_RESTAURANTE, ID_PRODUCTO) VALUES (19, 6);
INSERT INTO CARTA_RESTAURANTES (ID_SERVICIO_RESTAURANTE, ID_PRODUCTO) VALUES (19, 7);
INSERT INTO CARTA_RESTAURANTES (ID_SERVICIO_RESTAURANTE, ID_PRODUCTO) VALUES (19, 8);

--Paso 6: Crear el servicio SUPERMERCADO

----Paso 6.1: Insertar a la tabla SERVICIOS con un nuevo id

INSERT INTO SERVICIOS(ID, HOTEL_NIT) VALUES (24, '123456789');

----Paso 6.2: Insertar a la tabla SUPERMERCADO con el id del servicio creado
INSERT INTO SUPERMERCADOS (NOMBRE, ID_SERVICIO) VALUES ('SUPERMERCADO_1', 24);

----Paso 6.3: Agregar Productos al supermercado con el id de servicio creado
----Paso 6.3.1: Crear los productos que se van a asociar al supermercado
--Producto 1

INSERT INTO SERVICIOS (ID, HOTEL_NIT) VALUES (25, '123456789');

INSERT INTO PRODUCTOS (ID,HOTEL_NIT ,NOMBRE, COSTO) VALUES (9, '123456789', 'PRODUCTO_9', 100);
INSERT INTO PRODUCTOS_ID_SERVICIO (ID_SERVICIO, ID_PRODUCTO) VALUES (25, 9);

--Producto 2

INSERT INTO SERVICIOS (ID,HOTEL_NIT) VALUES (26, '123456789');

INSERT INTO PRODUCTOS (ID,HOTEL_NIT,NOMBRE, COSTO) VALUES (10, '123456789', 'PRODUCTO_10', 100);
INSERT INTO PRODUCTOS_ID_SERVICIO (ID_SERVICIO, ID_PRODUCTO) VALUES (26, 10);

--Producto 3

INSERT INTO SERVICIOS (ID, HOTEL_NIT) VALUES (27, '123456789');
INSERT INTO PRODUCTOS (ID, HOTEL_NIT,NOMBRE, COSTO) VALUES (11, '123456789', 'PRODUCTO_11', 100);
INSERT INTO PRODUCTOS_ID_SERVICIO (ID_SERVICIO, ID_PRODUCTO) VALUES (27, 11);

--Producto 4

INSERT INTO SERVICIOS (ID, HOTEL_NIT) VALUES (28, '123456789');

INSERT INTO PRODUCTOS (ID, HOTEL_NIT,NOMBRE, COSTO) VALUES (12, '123456789', 'PRODUCTO_12', 100);
INSERT INTO PRODUCTOS_ID_SERVICIO (ID_SERVICIO, ID_PRODUCTO) VALUES (28, 12);

----Paso 6.3.2: Asignar los productos al supermercado

INSERT INTO PRODUCTOS_SUPERMERCADOS(ID_SERVICIO_SUPERMERCADO, ID_PRODUCTO) VALUES (24, 9);
INSERT INTO PRODUCTOS_SUPERMERCADOS(ID_SERVICIO_SUPERMERCADO, ID_PRODUCTO) VALUES (24, 10);
INSERT INTO PRODUCTOS_SUPERMERCADOS(ID_SERVICIO_SUPERMERCADO, ID_PRODUCTO) VALUES (24, 11);
INSERT INTO PRODUCTOS_SUPERMERCADOS(ID_SERVICIO_SUPERMERCADO, ID_PRODUCTO) VALUES (24, 12);

--Paso 7: Crear el servicio TIENDA

----Paso 7.1: Insertar a la tabla SERVICIOS con un nuevo id

INSERT INTO SERVICIOS (ID, HOTEL_NIT) VALUES (29, '123456789');

----Paso 7.2: Insertar a la tabla TIENDA con el id del servicio creado

INSERT INTO TIENDAS (NOMBRE, ID_SERVICIO) VALUES ('TIENDA_1', 29);

----Paso 7.3: Agregar Productos al tienda con el id de servicio creado
----Paso 7.3.1: Crear los productos que se van a asociar al tienda
--Producto 1

INSERT INTO SERVICIOS (ID, HOTEL_NIT) VALUES (30, '123456789');

INSERT INTO PRODUCTOS (ID, HOTEL_NIT,NOMBRE, COSTO) VALUES (13, '123456789', 'PRODUCTO_13', 100);
INSERT INTO PRODUCTOS_ID_SERVICIO (ID_SERVICIO, ID_PRODUCTO) VALUES (30, 13);

--Producto 2

INSERT INTO SERVICIOS (ID,HOTEL_NIT) VALUES (31, '123456789');

INSERT INTO PRODUCTOS(ID, HOTEL_NIT,NOMBRE, COSTO) VALUES (14, '123456789', 'PRODUCTO_14', 100);
INSERT INTO PRODUCTOS_ID_SERVICIO (ID_SERVICIO, ID_PRODUCTO) VALUES (31, 14);

--Producto 3

INSERT INTO SERVICIOS (ID, HOTEL_NIT) VALUES (32, '123456789');

INSERT INTO PRODUCTOS(ID, HOTEL_NIT,NOMBRE, COSTO) VALUES (15, '123456789', 'PRODUCTO_15', 100);
INSERT INTO PRODUCTOS_ID_SERVICIO (ID_SERVICIO, ID_PRODUCTO) VALUES (32, 15);

--Producto 4

INSERT INTO SERVICIOS (ID, HOTEL_NIT) VALUES (33, '123456789');

INSERT INTO PRODUCTOS(ID, HOTEL_NIT ,NOMBRE, COSTO) VALUES (16, '123456789', 'PRODUCTO_16', 100);
INSERT INTO PRODUCTOS_ID_SERVICIO (ID_SERVICIO, ID_PRODUCTO) VALUES (33, 16);

----Paso 7.3.2: Asignar los productos al tienda

INSERT INTO PRODUCTOS_TIENDAS (ID_SERVICIO_TIENDAS, ID_PRODUCTO) VALUES (29, 13);
INSERT INTO PRODUCTOS_TIENDAS (ID_SERVICIO_TIENDAS, ID_PRODUCTO) VALUES (29, 14);
INSERT INTO PRODUCTOS_TIENDAS (ID_SERVICIO_TIENDAS, ID_PRODUCTO) VALUES (29, 15);
INSERT INTO PRODUCTOS_TIENDAS (ID_SERVICIO_TIENDAS, ID_PRODUCTO) VALUES (29, 16);

--Paso 8: Crear el servicio SPA

----Paso 8.1: Insertar a la tabla SERVICIOS con un nuevo id

INSERT INTO SERVICIOS (ID, HOTEL_NIT) VALUES (34, '123456789');

----Paso 8.2: Insertar a la tabla SPA con el id del servicio creado

INSERT INTO SPAS (NOMBRE, ID_SERVICIO) VALUES ('SPA_1', 34);

----Paso 8.3: Agregar Servicios al SPA con el id de servicio creado
----Paso 8.3.1: Crear los servicios que se van a asociar al SPA
--Servicio 1

INSERT INTO SERVICIOS_SPA (ID,NOMBRE, DURACION_MINUTOS, COSTO) VALUES (1, 'Piedras Volcanicas', 60, 100);

--Servicio 2

INSERT INTO SERVICIOS_SPA (ID,NOMBRE, DURACION_MINUTOS, COSTO) VALUES (2, 'Masaje', 60, 100);

--Servicio 3
INSERT INTO SERVICIOS_SPA (ID,NOMBRE, DURACION_MINUTOS, COSTO) VALUES (3, 'Masaje con piedras', 60, 100);

--Servicio 4
INSERT INTO SERVICIOS_SPA (ID,NOMBRE, DURACION_MINUTOS, COSTO) VALUES (4, 'Masaje con piedras y masaje', 60, 100);

----Paso 8.3.2: Asignar los servicios al SPA con el id de servicio creado

INSERT INTO OFERTA_SERV_SPAS (ID_SPA, ID_SERVICIO_SPA) VALUES (34, 1);
INSERT INTO OFERTA_SERV_SPAS (ID_SPA, ID_SERVICIO_SPA) VALUES (34, 2);
INSERT INTO OFERTA_SERV_SPAS (ID_SPA, ID_SERVICIO_SPA) VALUES (34, 3);
INSERT INTO OFERTA_SERV_SPAS (ID_SPA, ID_SERVICIO_SPA) VALUES (34, 4);

--Paso 9: Crear el servicio LAVADO/PLANCHADO/EMBOLADO

----Paso 9.1: Insertar a la tabla SERVICIOS con un nuevo id

INSERT INTO SERVICIOS (ID, HOTEL_NIT) VALUES (35, '123456789');
INSERT INTO SERVICIOS (ID, HOTEL_NIT) VALUES (36, '123456789');
----Paso 9.2: Insertar a la tabla LAVADO/PLANCHADO/EMBOLADO con el id del servicio creado

INSERT INTO LAVADO_PLANCHADO_EMBOLADOS(NOMBRE,ID_SERVICIO) VALUES ('Embolado Zapato', 35);

INSERT INTO LAVADO_PLANCHADO_EMBOLADOS(NOMBRE,ID_SERVICIO) VALUES ('Lavado Zapato', 36);

----Paso 9.3: Agregar Prendas al LAVADO/PLANCHADO/EMBOLADO con el id de servicio creado
----Paso 9.3.1: Crear las prendas que se van a asociar al servicio
--Prendas 

INSERT INTO PRENDAS (ID, NOMBRE, TIPO, COSTO) VALUES (1, 'Zapato', 'Formal', 100);

INSERT INTO PRENDAS (ID, NOMBRE, TIPO, COSTO) VALUES (2, 'Camiseta', 'Deporte', 100);

INSERT INTO PRENDAS (ID, NOMBRE, TIPO, COSTO) VALUES (3, 'Pantalon', 'Deporte', 100);

--Paso 9.3.2: Asignar las prendas al servicio con el id de servicio creado

INSERT INTO OFERTA_LAV_PLANCH_EMBOL (ID_SERVICIO, ID_PRENDA) VALUES (35, 1);
INSERT INTO OFERTA_LAV_PLANCH_EMBOL (ID_SERVICIO, ID_PRENDA) VALUES (35, 2);
INSERT INTO OFERTA_LAV_PLANCH_EMBOL (ID_SERVICIO, ID_PRENDA) VALUES (35, 3);

INSERT INTO OFERTA_LAV_PLANCH_EMBOL (ID_SERVICIO, ID_PRENDA) VALUES (36, 1);
INSERT INTO OFERTA_LAV_PLANCH_EMBOL (ID_SERVICIO, ID_PRENDA) VALUES (36, 2);
INSERT INTO OFERTA_LAV_PLANCH_EMBOL (ID_SERVICIO, ID_PRENDA) VALUES (36, 3);

--Paso 10: Crear el servicio UTENSILIOS

----Paso 10.1: Insertar a la tabla SERVICIOS con un nuevo id

INSERT INTO SERVICIOS (ID, HOTEL_NIT) VALUES (37, '123456789');
INSERT INTO SERVICIOS (ID, HOTEL_NIT) VALUES (38, '123456789');

----Paso 10.2: Insertar a la tabla UTENSILIOS con el id del servicio creado

INSERT INTO UTENSILIOS (ID_SERVICIO, NOMBRE) VALUES (37, 'Cuchillo');
INSERT INTO UTENSILIOS (ID_SERVICIO, NOMBRE) VALUES (38, 'Plancha');

--Paso 11: Crear el servicio SALONES

----Paso 11.1: Insertar a la tabla SERVICIOS con un nuevo id

INSERT INTO SERVICIOS (ID, HOTEL_NIT) VALUES (39, '123456789');
INSERT INTO SERVICIOS (ID, HOTEL_NIT) VALUES (40, '123456789');
----Paso 11.2: Insertar a la tabla SALONES con el id del servicio creado

INSERT INTO SALONES (NOMBRE, CAPACIDAD, COSTO_HORA, COSTO_EQUIPOS, TIPO, ID_SERVICIO) VALUES ('Salon 1', 10, 100, 100, 'Formal', 39);
INSERT INTO SALONES (NOMBRE, CAPACIDAD, COSTO_HORA, COSTO_EQUIPOS, TIPO, ID_SERVICIO) VALUES ('Salon 2', 10, 100, 100, 'Social', 40);

/*
REQUERIMIENTO FUNCIONAL 7: REGISTRAR LOS PLANES DE CONSUMO
*/

--Paso 1: Crear los planes de consumo

INSERT INTO PLANES_CONSUMO (ID, NOMBRE, DESCRIPCION,HOTEL_NIT) VALUES (1, 'Larga Estadia', 'genera un descuento (%) estadías mayores a 7 noches', '123456789');
INSERT INTO PLANES_CONSUMO (ID, NOMBRE, DESCRIPCION, HOTEL_NIT) VALUES (2, 'Tiempo Compartido', 'las estadías son de 7 noches (sábado a sábado) y tienen un costo total fijo; tiene también un porcentaje de descuento en los consumos de bar y restaurante', '123456789');
INSERT INTO PLANES_CONSUMO (ID, NOMBRE, DESCRIPCION, HOTEL_NIT) VALUES (3, 'Todo Incluido', 'costo fijo total cubre el alojamiento y alimentación completa' , '123456789'); 
INSERT INTO PLANES_CONSUMO (ID, NOMBRE, DESCRIPCION, HOTEL_NIT) VALUES (4, 'Todo Incluido + Desayuno', 'costo fijo total cubre el alojamiento y alimentación completa y el desayuno' , '123456789');

---Paso 2: Crear los descuentos del plan de consumo de Larga Estadia

INSERT INTO DESCUENTOS (ID, PORCENTAJE_DESCUENTO, COSTO_FIJO, FECHA_INICIO, FECHA_FIN) VALUES (1, 0, 0,TO_TIMESTAMP('2022-07-03', 'YYYY-MM-DD'), TO_TIMESTAMP('2022-07-31', 'YYYY-MM-DD'));

---Paso 3: Asignar el descuento a todos los servicios de habitaciones

INSERT INTO DESCUENTOS_SERVICIOS (DESCUENTO_ID, SERVICIO_ID) VALUES (1, 1);
INSERT INTO DESCUENTOS_SERVICIOS (DESCUENTO_ID, SERVICIO_ID) VALUES (1, 2);
INSERT INTO DESCUENTOS_SERVICIOS (DESCUENTO_ID, SERVICIO_ID) VALUES (1, 3);
INSERT INTO DESCUENTOS_SERVICIOS (DESCUENTO_ID, SERVICIO_ID) VALUES (1, 4);
INSERT INTO DESCUENTOS_SERVICIOS (DESCUENTO_ID, SERVICIO_ID) VALUES (1, 5);
INSERT INTO DESCUENTOS_SERVICIOS (DESCUENTO_ID, SERVICIO_ID) VALUES (1, 6);
INSERT INTO DESCUENTOS_SERVICIOS (DESCUENTO_ID, SERVICIO_ID) VALUES (1, 7);
INSERT INTO DESCUENTOS_SERVICIOS (DESCUENTO_ID, SERVICIO_ID) VALUES (1, 8);
INSERT INTO DESCUENTOS_SERVICIOS (DESCUENTO_ID, SERVICIO_ID) VALUES (1, 9);
INSERT INTO DESCUENTOS_SERVICIOS (DESCUENTO_ID, SERVICIO_ID) VALUES (1, 10);

---Paso 4: Crear los descuentos del plan de consumo de tiempo Compartido

INSERT INTO DESCUENTOS (ID, PORCENTAJE_DESCUENTO, COSTO_FIJO, FECHA_INICIO, FECHA_FIN) VALUES (2, 0, 1000,TO_TIMESTAMP('2022-07-03', 'YYYY-MM-DD'), TO_TIMESTAMP('2022-07-31', 'YYYY-MM-DD'));

---Paso 5: Asignar el descuento a los servicios de todas las habitaciones y a algunos productos del bar

INSERT INTO DESCUENTOS_SERVICIOS (DESCUENTO_ID, SERVICIO_ID) VALUES (2, 1);
INSERT INTO DESCUENTOS_SERVICIOS (DESCUENTO_ID, SERVICIO_ID) VALUES (2, 2);
INSERT INTO DESCUENTOS_SERVICIOS (DESCUENTO_ID, SERVICIO_ID) VALUES (2, 3);
INSERT INTO DESCUENTOS_SERVICIOS (DESCUENTO_ID, SERVICIO_ID) VALUES (2, 4);
INSERT INTO DESCUENTOS_SERVICIOS (DESCUENTO_ID, SERVICIO_ID) VALUES (2, 5);
INSERT INTO DESCUENTOS_SERVICIOS (DESCUENTO_ID, SERVICIO_ID) VALUES (2, 6);
INSERT INTO DESCUENTOS_SERVICIOS (DESCUENTO_ID, SERVICIO_ID) VALUES (2, 7);
INSERT INTO DESCUENTOS_SERVICIOS (DESCUENTO_ID, SERVICIO_ID) VALUES (2, 8);
INSERT INTO DESCUENTOS_SERVICIOS (DESCUENTO_ID, SERVICIO_ID) VALUES (2, 9);
INSERT INTO DESCUENTOS_SERVICIOS (DESCUENTO_ID, SERVICIO_ID) VALUES (2, 10);

INSERT INTO DESCUENTOS_SERVICIOS (DESCUENTO_ID, SERVICIO_ID) VALUES (2, 15);
INSERT INTO DESCUENTOS_SERVICIOS (DESCUENTO_ID, SERVICIO_ID) VALUES (2, 16);
INSERT INTO DESCUENTOS_SERVICIOS (DESCUENTO_ID, SERVICIO_ID) VALUES (2, 17);
INSERT INTO DESCUENTOS_SERVICIOS (DESCUENTO_ID, SERVICIO_ID) VALUES (2, 18);

---Paso 6: Crear los descuentos del plan de consumo de Todo Incluido

INSERT INTO DESCUENTOS (ID, PORCENTAJE_DESCUENTO, COSTO_FIJO, FECHA_INICIO, FECHA_FIN) VALUES (3, 0, 2000,TO_TIMESTAMP('2022-07-03', 'YYYY-MM-DD'), TO_TIMESTAMP('2022-07-31', 'YYYY-MM-DD'));

---Paso 7: Asignar el descuento a los servicios de todas las habitaciones y a todos los productos del bar y RESTAURANTE

INSERT INTO DESCUENTOS_SERVICIOS (DESCUENTO_ID, SERVICIO_ID) VALUES (3, 1);
INSERT INTO DESCUENTOS_SERVICIOS (DESCUENTO_ID, SERVICIO_ID) VALUES (3, 2);
INSERT INTO DESCUENTOS_SERVICIOS (DESCUENTO_ID, SERVICIO_ID) VALUES (3, 3);
INSERT INTO DESCUENTOS_SERVICIOS (DESCUENTO_ID, SERVICIO_ID) VALUES (3, 4);
INSERT INTO DESCUENTOS_SERVICIOS (DESCUENTO_ID, SERVICIO_ID) VALUES (3, 5);
INSERT INTO DESCUENTOS_SERVICIOS (DESCUENTO_ID, SERVICIO_ID) VALUES (3, 6);
INSERT INTO DESCUENTOS_SERVICIOS (DESCUENTO_ID, SERVICIO_ID) VALUES (3, 7);
INSERT INTO DESCUENTOS_SERVICIOS (DESCUENTO_ID, SERVICIO_ID) VALUES (3, 8);
INSERT INTO DESCUENTOS_SERVICIOS (DESCUENTO_ID, SERVICIO_ID) VALUES (3, 9);
INSERT INTO DESCUENTOS_SERVICIOS (DESCUENTO_ID, SERVICIO_ID) VALUES (3, 10);

INSERT INTO DESCUENTOS_SERVICIOS (DESCUENTO_ID, SERVICIO_ID) VALUES (3, 15);
INSERT INTO DESCUENTOS_SERVICIOS (DESCUENTO_ID, SERVICIO_ID) VALUES (3, 16);
INSERT INTO DESCUENTOS_SERVICIOS (DESCUENTO_ID, SERVICIO_ID) VALUES (3, 17);
INSERT INTO DESCUENTOS_SERVICIOS (DESCUENTO_ID, SERVICIO_ID) VALUES (3, 18);

INSERT INTO DESCUENTOS_SERVICIOS (DESCUENTO_ID, SERVICIO_ID) VALUES (3, 20);
INSERT INTO DESCUENTOS_SERVICIOS (DESCUENTO_ID, SERVICIO_ID) VALUES (3, 21);
INSERT INTO DESCUENTOS_SERVICIOS (DESCUENTO_ID, SERVICIO_ID) VALUES (3, 22);
INSERT INTO DESCUENTOS_SERVICIOS (DESCUENTO_ID, SERVICIO_ID) VALUES (3, 23);

---Paso 8: Crear los descuentos del plan de consumo de Todo Incluido + Desayuno
INSERT INTO DESCUENTOS (ID, PORCENTAJE_DESCUENTO, COSTO_FIJO, FECHA_INICIO, FECHA_FIN) VALUES (4, 0, 3000,TO_TIMESTAMP('2022-07-03', 'YYYY-MM-DD'), TO_TIMESTAMP('2022-07-31', 'YYYY-MM-DD'));

---Paso 9: Asignar el descuento a los servicios de todas las habitaciones y a todos los productos del bar y RESTAURANTE y algunos productos de la tienda

INSERT INTO DESCUENTOS_SERVICIOS (DESCUENTO_ID, SERVICIO_ID) VALUES (4, 1);
INSERT INTO DESCUENTOS_SERVICIOS (DESCUENTO_ID, SERVICIO_ID) VALUES (4, 2);
INSERT INTO DESCUENTOS_SERVICIOS (DESCUENTO_ID, SERVICIO_ID) VALUES (4, 3);
INSERT INTO DESCUENTOS_SERVICIOS (DESCUENTO_ID, SERVICIO_ID) VALUES (4, 4);
INSERT INTO DESCUENTOS_SERVICIOS (DESCUENTO_ID, SERVICIO_ID) VALUES (4, 5);
INSERT INTO DESCUENTOS_SERVICIOS (DESCUENTO_ID, SERVICIO_ID) VALUES (4, 6);
INSERT INTO DESCUENTOS_SERVICIOS (DESCUENTO_ID, SERVICIO_ID) VALUES (4, 7);
INSERT INTO DESCUENTOS_SERVICIOS (DESCUENTO_ID, SERVICIO_ID) VALUES (4, 8);
INSERT INTO DESCUENTOS_SERVICIOS (DESCUENTO_ID, SERVICIO_ID) VALUES (4, 9);
INSERT INTO DESCUENTOS_SERVICIOS (DESCUENTO_ID, SERVICIO_ID) VALUES (4, 10);

INSERT INTO DESCUENTOS_SERVICIOS (DESCUENTO_ID, SERVICIO_ID) VALUES (4, 15);
INSERT INTO DESCUENTOS_SERVICIOS (DESCUENTO_ID, SERVICIO_ID) VALUES (4, 16);
INSERT INTO DESCUENTOS_SERVICIOS (DESCUENTO_ID, SERVICIO_ID) VALUES (4, 17);
INSERT INTO DESCUENTOS_SERVICIOS (DESCUENTO_ID, SERVICIO_ID) VALUES (4, 18);

INSERT INTO DESCUENTOS_SERVICIOS (DESCUENTO_ID, SERVICIO_ID) VALUES (4, 20);
INSERT INTO DESCUENTOS_SERVICIOS (DESCUENTO_ID, SERVICIO_ID) VALUES (4, 21);
INSERT INTO DESCUENTOS_SERVICIOS (DESCUENTO_ID, SERVICIO_ID) VALUES (4, 22);
INSERT INTO DESCUENTOS_SERVICIOS (DESCUENTO_ID, SERVICIO_ID) VALUES (4, 23);

INSERT INTO DESCUENTOS_SERVICIOS (DESCUENTO_ID, SERVICIO_ID) VALUES (4, 30);
INSERT INTO DESCUENTOS_SERVICIOS (DESCUENTO_ID, SERVICIO_ID) VALUES (4, 31);
INSERT INTO DESCUENTOS_SERVICIOS (DESCUENTO_ID, SERVICIO_ID) VALUES (4, 32);
